Family,BERT,NN,GBC
NAN,3.169925001442312,2.584962500721156,3.4594316186372973
copia,11.52552080909507,10.682116764950074,11.541580659991169
gypsy,10.824958740528523,10.098032082960527,10.894059846274022
